-- phpMyAdmin SQL Dump
-- version 4.8.2
-- https://www.phpmyadmin.net/
--
-- Host: 127.0.0.1
-- Generation Time: Mar 22, 2019 at 09:59 AM
-- Server version: 10.1.34-MariaDB
-- PHP Version: 7.2.7

SET SQL_MODE = "NO_AUTO_VALUE_ON_ZERO";
SET AUTOCOMMIT = 0;
START TRANSACTION;
SET time_zone = "+00:00";


/*!40101 SET @OLD_CHARACTER_SET_CLIENT=@@CHARACTER_SET_CLIENT */;
/*!40101 SET @OLD_CHARACTER_SET_RESULTS=@@CHARACTER_SET_RESULTS */;
/*!40101 SET @OLD_COLLATION_CONNECTION=@@COLLATION_CONNECTION */;
/*!40101 SET NAMES utf8mb4 */;

--
-- Database: `travelcrafter`
--

-- --------------------------------------------------------

--
-- Table structure for table `activity`
--

CREATE TABLE `activity` (
  `id` int(10) UNSIGNED NOT NULL,
  `name` varchar(191) COLLATE utf8mb4_unicode_ci NOT NULL,
  `image` varchar(191) COLLATE utf8mb4_unicode_ci NOT NULL,
  `status` varchar(191) COLLATE utf8mb4_unicode_ci NOT NULL,
  `created_at` timestamp NULL DEFAULT NULL,
  `updated_at` timestamp NULL DEFAULT NULL,
  `slug` varchar(191) COLLATE utf8mb4_unicode_ci NOT NULL
) ENGINE=InnoDB DEFAULT CHARSET=utf8mb4 COLLATE=utf8mb4_unicode_ci;

--
-- Dumping data for table `activity`
--

INSERT INTO `activity` (`id`, `name`, `image`, `status`, `created_at`, `updated_at`, `slug`) VALUES
(1, 'Trekking', '1573211169_1549086925.jpg', 'featured', '2018-12-13 23:00:16', '2019-02-02 00:10:25', 'trekking'),
(2, 'Expedition', '1598946022_1549086958.jpg', 'published', '2019-01-03 23:05:27', '2019-02-02 00:10:58', 'expedition'),
(3, 'Mountaineering', '1174690293_1549853355.jpg', 'featured', '2019-01-03 23:20:46', '2019-02-10 21:04:16', 'mountaineering'),
(4, 'Peak Climbing', '34971418_1549854514.jpg', 'published', '2019-02-10 21:23:34', '2019-02-10 21:23:34', 'peak-climbing'),
(5, 'Yoga Trip', '965812800_1549854536.jpg', 'published', '2019-02-10 21:23:56', '2019-02-10 21:23:56', 'yoga-trip'),
(6, 'Leisure', '1348482746_1549854551.jpg', 'featured', '2019-02-10 21:24:11', '2019-02-10 22:17:47', 'leisure'),
(7, 'Social Welfare', '2081697294_1549854565.jpg', 'published', '2019-02-10 21:24:25', '2019-02-10 22:18:13', 'social-welfare');

-- --------------------------------------------------------

--
-- Table structure for table `checklist`
--

CREATE TABLE `checklist` (
  `id` int(10) UNSIGNED NOT NULL,
  `name` varchar(191) COLLATE utf8mb4_unicode_ci NOT NULL,
  `category` varchar(191) COLLATE utf8mb4_unicode_ci NOT NULL,
  `created_at` timestamp NULL DEFAULT NULL,
  `updated_at` timestamp NULL DEFAULT NULL
) ENGINE=InnoDB DEFAULT CHARSET=utf8mb4 COLLATE=utf8mb4_unicode_ci;

--
-- Dumping data for table `checklist`
--

INSERT INTO `checklist` (`id`, `name`, `category`, `created_at`, `updated_at`) VALUES
(1, 'Gore Tex Jacket', 'log-wear', '2019-02-23 08:26:21', '2019-02-23 08:59:20'),
(2, 'Hiking Pant', 'log-wear', '2019-02-23 09:41:53', '2019-02-28 00:39:03');

-- --------------------------------------------------------

--
-- Table structure for table `checklist_group`
--

CREATE TABLE `checklist_group` (
  `id` int(10) UNSIGNED NOT NULL,
  `name` varchar(191) COLLATE utf8mb4_unicode_ci NOT NULL,
  `status` varchar(191) COLLATE utf8mb4_unicode_ci NOT NULL,
  `created_at` timestamp NULL DEFAULT NULL,
  `updated_at` timestamp NULL DEFAULT NULL,
  `value` varchar(191) COLLATE utf8mb4_unicode_ci NOT NULL
) ENGINE=InnoDB DEFAULT CHARSET=utf8mb4 COLLATE=utf8mb4_unicode_ci;

-- --------------------------------------------------------

--
-- Table structure for table `city`
--

CREATE TABLE `city` (
  `id` int(10) UNSIGNED NOT NULL,
  `country_id` int(10) UNSIGNED NOT NULL,
  `name` varchar(191) COLLATE utf8mb4_unicode_ci NOT NULL,
  `created_at` timestamp NULL DEFAULT NULL,
  `updated_at` timestamp NULL DEFAULT NULL,
  `slug` varchar(191) COLLATE utf8mb4_unicode_ci NOT NULL,
  `status` varchar(191) COLLATE utf8mb4_unicode_ci NOT NULL
) ENGINE=InnoDB DEFAULT CHARSET=utf8mb4 COLLATE=utf8mb4_unicode_ci;

--
-- Dumping data for table `city`
--

INSERT INTO `city` (`id`, `country_id`, `name`, `created_at`, `updated_at`, `slug`, `status`) VALUES
(2, 2, 'Kathmandu', '2018-10-16 09:20:47', '2018-10-16 13:51:23', 'kathmandu', 'draft'),
(3, 3, 'Delhi', '2018-12-13 00:07:34', '2018-12-13 00:07:39', 'delhi', 'published');

-- --------------------------------------------------------

--
-- Table structure for table `country`
--

CREATE TABLE `country` (
  `id` int(10) UNSIGNED NOT NULL,
  `name` varchar(191) COLLATE utf8mb4_unicode_ci NOT NULL,
  `created_at` timestamp NULL DEFAULT NULL,
  `updated_at` timestamp NULL DEFAULT NULL,
  `status` varchar(191) COLLATE utf8mb4_unicode_ci NOT NULL,
  `slug` varchar(191) COLLATE utf8mb4_unicode_ci NOT NULL,
  `cover_image` varchar(191) COLLATE utf8mb4_unicode_ci NOT NULL
) ENGINE=InnoDB DEFAULT CHARSET=utf8mb4 COLLATE=utf8mb4_unicode_ci;

--
-- Dumping data for table `country`
--

INSERT INTO `country` (`id`, `name`, `created_at`, `updated_at`, `status`, `slug`, `cover_image`) VALUES
(2, 'Nepal', '2018-10-16 09:11:21', '2019-02-10 21:06:48', 'published', 'nepal', '1218076356_1549853508.jpg'),
(3, 'India', '2018-12-13 00:06:38', '2019-02-10 21:06:36', 'published', 'india', '10455117_1549853496.jpg'),
(4, 'Tibet', '2019-02-10 20:58:17', '2019-02-10 21:06:28', 'published', 'tibet', '1025777841_1549853488.jpg');

-- --------------------------------------------------------

--
-- Table structure for table `difficulty`
--

CREATE TABLE `difficulty` (
  `id` int(10) UNSIGNED NOT NULL,
  `name` varchar(191) COLLATE utf8mb4_unicode_ci NOT NULL,
  `desc` varchar(191) COLLATE utf8mb4_unicode_ci NOT NULL,
  `image` varchar(191) COLLATE utf8mb4_unicode_ci NOT NULL,
  `created_at` timestamp NULL DEFAULT NULL,
  `updated_at` timestamp NULL DEFAULT NULL
) ENGINE=InnoDB DEFAULT CHARSET=utf8mb4 COLLATE=utf8mb4_unicode_ci;

--
-- Dumping data for table `difficulty`
--

INSERT INTO `difficulty` (`id`, `name`, `desc`, `image`, `created_at`, `updated_at`) VALUES
(1, 'Easy', 'East', '2110309456_1550207781.jpg', '2019-02-14 23:31:21', '2019-02-14 23:31:21'),
(2, 'Easy to Moderate', 'Easy and Moderate', '1275804482_1550207934.jpg', '2019-02-14 23:33:54', '2019-02-14 23:33:54');

-- --------------------------------------------------------

--
-- Table structure for table `migrations`
--

CREATE TABLE `migrations` (
  `id` int(10) UNSIGNED NOT NULL,
  `migration` varchar(191) COLLATE utf8mb4_unicode_ci NOT NULL,
  `batch` int(11) NOT NULL
) ENGINE=InnoDB DEFAULT CHARSET=utf8mb4 COLLATE=utf8mb4_unicode_ci;

--
-- Dumping data for table `migrations`
--

INSERT INTO `migrations` (`id`, `migration`, `batch`) VALUES
(1, '2014_10_12_000000_create_users_table', 1),
(2, '2014_10_12_100000_create_password_resets_table', 1),
(5, '2018_10_12_160306_create_country_table', 2),
(6, '2018_10_12_160450_create_region_table', 2),
(7, '2018_10_12_160512_create_city_table', 2),
(8, '2018_10_13_054716_add_status_to_country_table', 3),
(9, '2018_10_13_144804_add_column_to_region_table', 4),
(10, '2018_10_13_144902_add_column_to_city_table', 4),
(11, '2018_10_15_153620_add_column_to_country_table', 5),
(14, '2018_10_16_124939_add_lat_long_to_regions_table', 6),
(15, '2018_10_20_031402_create_activity_table', 6),
(16, '2018_10_20_032131_create_package_table', 6),
(17, '2018_10_20_032505_create_package_image_table', 7),
(18, '2018_10_20_163115_add_slug_to_activity_table', 8),
(19, '2018_10_22_043440_create_difficulty_table', 9),
(20, '2018_10_22_043721_create_team_table', 10),
(21, '2018_10_22_044118_add_columns_in_package_table', 11),
(22, '2018_10_22_044935_add_columns_in_package_table', 12),
(23, '2019_01_04_041551_edit_package_table', 13),
(24, '2019_01_04_043835_add_column_in_package_table', 14),
(25, '2019_01_04_044213_add_column_in_package_table_2', 15),
(26, '2019_01_25_051958_create_settings_table', 16),
(27, '2019_01_26_065134_add_created_at_and_updated_at_field', 17),
(28, '2019_02_01_054639_add_slug_to_package_table', 18),
(29, '2019_02_02_060229_create_testimonial_table', 19),
(30, '2019_02_02_060409_add_column_bestselling_in_package_table', 19),
(31, '2019_02_10_172430_add_column_country_table', 20),
(32, '2019_02_15_034301_create_table_difficulty', 21),
(33, '2019_02_15_065248_assign_foreign_key_package', 22),
(34, '2019_02_17_025253_create_checklist_table', 23),
(35, '2019_02_17_025844_create_checklist_group_table', 23),
(36, '2019_02_17_031108_add_column_checklist_group_table', 24);

-- --------------------------------------------------------

--
-- Table structure for table `package`
--

CREATE TABLE `package` (
  `id` int(10) UNSIGNED NOT NULL,
  `created_at` timestamp NULL DEFAULT NULL,
  `updated_at` timestamp NULL DEFAULT NULL,
  `title` varchar(191) COLLATE utf8mb4_unicode_ci DEFAULT NULL,
  `description` longtext COLLATE utf8mb4_unicode_ci NOT NULL,
  `altitude` varchar(191) COLLATE utf8mb4_unicode_ci NOT NULL,
  `difficulty_id` int(10) UNSIGNED DEFAULT NULL,
  `price` bigint(20) NOT NULL,
  `accomodation` longtext COLLATE utf8mb4_unicode_ci NOT NULL,
  `trip_highlights` longtext COLLATE utf8mb4_unicode_ci NOT NULL,
  `duration` int(11) NOT NULL,
  `travel_specialist` int(10) UNSIGNED DEFAULT NULL,
  `cover_image` varchar(191) COLLATE utf8mb4_unicode_ci NOT NULL,
  `itenerary` longblob NOT NULL,
  `departures` longblob NOT NULL,
  `country_id` int(10) UNSIGNED NOT NULL,
  `region_id` int(10) UNSIGNED NOT NULL,
  `activity_id` int(10) UNSIGNED NOT NULL,
  `slug` varchar(191) COLLATE utf8mb4_unicode_ci NOT NULL,
  `isBestSelling` tinyint(1) NOT NULL,
  `checklist_id` int(10) UNSIGNED NOT NULL
) ENGINE=InnoDB DEFAULT CHARSET=utf8mb4 COLLATE=utf8mb4_unicode_ci;

--
-- Dumping data for table `package`
--

INSERT INTO `package` (`id`, `created_at`, `updated_at`, `title`, `description`, `altitude`, `difficulty_id`, `price`, `accomodation`, `trip_highlights`, `duration`, `travel_specialist`, `cover_image`, `itenerary`, `departures`, `country_id`, `region_id`, `activity_id`, `slug`, `isBestSelling`, `checklist_id`) VALUES
(5, '2019-01-03 23:06:21', '2019-02-28 10:42:59', 'Everest Base Camp Trek', '<p style=\"text-align: justify;\"><span style=\"font-family: Open Sans, Arial, sans-serif;\">Lorem ipsum dolor sit amet, consectetur adipiscing elit, sed do eiusmod tempor incididunt ut labore et dolore magna aliqua. Ut enim ad minim veniam, quis nostrud exercitation ullamco laboris nisi ut aliquip ex ea commodo consequat. Duis aute irure dolor in reprehenderit in voluptate velit esse cillum dolore eu fugiat nulla pariatur. Excepteur sint occaecat cupidatat non proident, sunt in culpa qui officia deserunt mollit anim id est laborum.</span></p>', 'Desc', 1, 2, '<p>sd</p>', '<p>ddd</p>', 11, NULL, '760135322_1549085766.jpg', 0x5b7b22646179223a2231222c227469746c65223a224172726976616c20696e204b6174686d616e6475222c2264657363223a224f757220616972706f727420726570726573656e7461746976652077696c6c206d65657420796f7520617420746865204b6174686d616e647520616972706f727420616e64207468656e207472616e7366657220746f20686f74656c2c2077652070726f7669646520796f7520332d537461722063617465676f7279206163636f6d6d6f646174696f6e20696e204b6174686d616e64752028546962657420477565737420486f757365206f722073696d696c6172207374616e6461726420686f74656c292c206f6e20425c2f422062617369732e20496e20746865206576656e696e672028776520617373756d656420796f7572206172726976616c20696e2061667465726e6f6f6e293b20796f752077696c6c20686176652074696d6520746f206578706c6f72652074686520636974792e227d2c7b22646179223a2232222c227469746c65223a225369676874736565696e6720696e204b6174686d616e6475222c2264657363223a224f75722070726f66657373696f6e616c20746f75722067756964652077696c6c206272696e6720796f752061726f756e64204b6174686d616e647520616674657220627265616b666173742e204d6f7374206e6f7461626c79206f6e2074686973206461792c20796f752077696c6c206265207669736974696e6720746865204b6174686d616e647520447572626172205371756172655c2f2048616e756d616e2044686f6b6120526f79616c2050616c6163652c207468652053776179616d6268756e617468205374757061205c2f2074656d706c65205c2f4d6f6e6b65792074656d706c6520666f72206974732065617379206e616d652c205061736875706174696e6174682054656d706c655c2f206372696d696e6174696f6e2047686174202620426f75646468616e6174682053747570612077686963682061726520616c6c20554e4553434f277320776f726c642063756c747572616c2068657269746167652073697465732c20656e6c697374656420696e203139373920412e442e227d2c7b22646179223a2233222c227469746c65223a224b6174686d616e64752d4c756b6c612028322c383436206d292c205472656b20746f205068616b64696e672028322c363532206d5c2f20342068727329222c2264657363223a22596f75207472616e7366657220746f2074686520646f6d657374696320616972706f727420666f7220796f757220666c6967687420746f204c756b6c612e204974206973206120736d616c6c20746f776e20617420616e20616c746974756465206f6620322c383436206d6574657273207769746820616e20616972706f72742e20546865726520617265206d616e792074656173686f70732c206c6f646765732c20686f74656c732c207265736f72747320616e642067656e6572616c2073746f7265732e2046726f6d206865726520776520626567696e20746f6461795c753230313973207472656b2066726f6d204c756b6c6120666f6c6c6f77696e6720612067656e746c652064657363656e6420746865206d6f756e7461696e73696465206f6e207468652072696768742062616e6b206f662074686520447564686b6f73686920526976657220284d696c6b79207269766572292c204e75706c612028352c383835206d292063616e206265207365656e20696e207468652064697374616e6365206f6e20746865206f70706f736974652062616e6b2c2069732061207065616b2061746f7020746865204b6f6e6764652052696467652e20596f752064657363656e642061206d6f756e7461696e7369646520706174682074686174206d657267657320696e746f20796f757220726f75746520746f2045766572657374207769746820746865206d61696e20747261696c2066726f6d204a697269205c2f2053616c6c6572692061742043686865706c756e672028322c373030206d292c207769746820766965777320746f20612076616c6c657920746f20796f75722072696768743b20616e64206174206974732066617220656e642c204b7573756d204b616e672028362c333637206d292e205468652044756468204b6f73686920617070726f616368657320617320796f7520706173732061204d616e692077616c6c20616e642061727269766520617420476861742076696c6c6167655c2f20746561686f7573652e20596f7520636f6e74696e756520616c6f6e67206120736d616c6c2070617468207769746820612066657720617363656e647320616e642064657363656e647320666f6c6c6f77696e67207468652072696768742062616e6b206f6620447564686b6f73686920746f205068616b64696e672076696c6c6167652028322c363532206d292e227d2c7b22646179223a2234222c227469746c65223a225472656b205068616b64696e6720746f204e616d6368652042617a6161722028332c343430206d5c2f352d362068727329222c2264657363223a2254686520747261696c20737461727473207468726f7567682061206c6576656c207061746820616c6f6e67207468652072696768742062616e6b206f6620447564686b6f7368692c204d742e204e756d6275722028362c373430206d292026204b6f6e6764652052692028362c313837206d2920636f756c642062652076696577206f6e20746865206f70706f736974652062616e6b2e20596f752063726f737320612073747265616d20616e6420636c696d62207468652074657272616365642068696c6c2066726f6d207468652044756468204b6f73686920726f7574652c20746f206172726976652061742042656e6761725c2f42656e6b61722028322c363330206d292e2054686520747261696c206e6f7720636c696d62732066726f6d20746865207269766572626564206f6e20746865206c6566742062616e6b20696e746f20746865206d6f756e7461696e2c207468726f756768206120666f7265737420746f204368756d6f612e20596f7520636f6e74696e756520616c6f6e67206120706174682077697468206d616e792075707320616e6420646f776e733b2063726f737320612073747265616d2c20616e642070617373206279207468652074696e792076696c6c616765206f66204d6f6e6a6f2e204166746572206c656176696e6720746865204d6f6e6a6f2076696c6c6167652c20636865636b20796f7572204e6174696f6e616c207061726b20262054494d532063617264205c2f2062757920746865206e6577205061726b207065726d69742e204e6f772c20796f752064657363656e64207468652070617468206f662073746f6e6520737465707320616e642072657475726e20746f207468652072696768742062616e6b206f766572206120776f6f64656e206272696467652026207468656e2063726f737320746865207269766572207468726f7567682053757370656e73696f6e206272696467652e20416674657220612073686f727420636c696d6220796f7520636f6d6520746f204a6f7273616c655c75323031397320746561686f75736520616e6420686f74656c2c20616e6420616c736f2073746f7020617420746865204e6570616c6573652041726d7920706f73742077686572652061207061726b20656e7472616e6365207065726d697420697320636865636b656420616761696e2e20416674657220796f7572206465706172747572652066726f6d204a6f7273616c652c20796f7520656e746572206120666f726573746564206d6f756e7461696e736964652e20596f7520666f6c6c6f7720612073686f72742077616c6b20616c6f6e6720746865207269766572626564206f66207468697320562d7368617065642076616c6c65792077686572652074686520726976657220666f726b73202d20746865207269676874206973207468652044756468204b6f73686920616e6420746865206c656674206973207468652042686f7465204b6f7368692074686174206c6561647320746f204e616d7061204c61207061737320746f20656e74657220696e746f2054696265745c2f4368696e612c20616e20616e6369656e742073616c742074726164696e6720726f7574652e20416674657220612073686f72742064697374616e636520616c6f6e67207468652042686f7465204b6f73686920796f7520626567696e2074686520737465657020617363656e6420746f204e616d6368652042617a6161722028332c343430206d292e20417320746865206d6f756e7461696e2070617468207a69677a61677320757068696c6c2c20796f752077696c6c20656d65726765206174206120726964676520746f70207265737420617265612074686174206f666665727320657863656c6c656e74207669657773206f6620457665726573742028382c383438206d2920616e64204c686f7473652028382c353136206d292054686520636c696d6220656173657320736f6d65776861742c20616e64204e616d6368652042617a616172206170706561727320616865616420617320796f752074726176656c20616c6f6e6720746865207061746820737572726f756e6465642062792070696e657320262073707275636520666f726573742e20506173732074686520706c617465617520776865726520746865205361747572646179207765656b6c792042617a6161722069732068656c6420616e6420656e746572207468652076696c6c6167652e204e616d6368652042617a6161722028332c343430206d2920697320737572726f756e646564206f6e207468726565207369646573206279206d6f756e7461696e2072616e67657320616e64206f70656e73206f7574206f6e6c79206f6e652073696465207768657265206974206661636573207468652042686f7465204b6f7368692e205468652076696c6c61676520697320612063656e7472616c20687562206f6620746865206172656120616e6420666f6f6420737570706c792073746f7265732c20437962657220636166652c2062616b65726965732c206d617373616765207061726c6f72732c2073756e647269657320616e64206576656e206d6f756e7461696e20636c696d62696e672065717569706d656e74206d61792062652070757263686173656420686572652e227d2c7b22646179223a2235222c227469746c65223a224163636c696d6174697a6174696f6e206174204e616d6368652042617a616172222c2264657363223a224e616d6368652042617a616172206973207475636b65642061776179206265747765656e2074776f2072696467657320616d6964737420746865206769616e74207065616b73206f6620746865204b68756d6269206c612028352c373635206d292c206120686f6c79207065616b20696e2074686520726567696f6e2c20616e642068617320616e206162756e64616e6365206f66206c6f646765732c2074656173686f707320616e6420736f7576656e69722073686f70732061732077656c6c2061732061206d61676e69666963656e742076697374612e20497420697320616e20696465616c20706c61636520746f207370656e64207468652072657374206f66207468652064617920666f72206163636c696d6174697a6174696f6e20746f20746865206869676820616c746974756465206265666f72652068656164696e67206f666620746f776172647320546879616e67626f6368655c2f54656e67626f6368652028332c383630206d292e20466f7220746865206163636c696d6174697a6174696f6e2c2077652077616c6b20757020746f204b68756d6a756e6720776865726520796f752063616e207669736974207468652073706563746163756c6172206d6f6e6173746572792e205468652053686572706120636f6d6d756e6974792064656e73656c7920706f70756c61746573204b68756d6a756e6720616e6420796f752077696c6c20756e646f75627461626c79206861766520746865206f70706f7274756e69747920746f20696e7465726163742077697468207468656d2e20596f752063616e20616c736f20656e6a6f79207468652073706c656e646964207669657773206f6620457665726573742c20416d61204461626c616d2c205468616d7365726b752c204e75707473652c204c686f7473652c20546177616368652c204b77616e67646520616e6420736f206f6e2e204f722c20796f752063616e206861766520616e20686f75722077616c6b20757020746f20746865205379616e67626f6368652028332c383030206d2920776865726520546865204a6170616e6573652066616d6f75732045766572657374205669657720486f74656c2069732073697475617465642061626f7665204e616d63686520666f7220616e206f75747374616e64696e672076696577206f6620457665726573742c204e75707473652c204c686f7473652c20416d61204461626c616d2c205468616d7365726b7520616e64204b7573756d204b616e676172752e2054686572652061726520616c736f20676f6f642076696577732066726f6d20746865204e6174696f6e616c205061726b2043656e74657220616e64204d757365756d206a7573742061626f76652074686520746f776e2e2054686973206d757365756d2066656174757265732074686520686967686c696768747320616e6420686973746f7279206f66205368657270612063756c747572652e227d2c7b22646179223a2236222c227469746c65223a225472656b204e616d6368652042617a61617220746f2054656e67626f636865205c2f20546879616e67626f6368652028332c383630206d5c2f20352068727329222c2264657363223a22596f75206c65617665207468652076696c6c61676520666f72206120636c696d6220746f2074686520746f70206f66206120726964676520616e64206c6576656c206d6f756e7461696e20706174682074686174206f666665727320616e20657863656c6c656e742070616e6f72616d61206f66205468616d7365726b752c204b616e746567612c20616e64204b7573756d204b616e677269622e20546f20746865207269676874207468657265206973206120737465657020636c69666620746861742064726f707320646f776e20746f207468652044756468204b6f7368692c206661696e746c792076697369626c65206f6e207468652076616c6c657920666c6f6f722062656c6f772e20417320796f75206d616b6520796f7572207761792061726f756e642061206272616e63682072696467652c20416d61204461626c616d2028362c383536206d2920457665726573742c204c686f7473652c204e75707473652028372c383535206d2920616e64205461776f6368652028362c353031206d292073756464656e6c79206170706561722e20416674657220612067656e746c652064657363656e6420746865206d6f756e7461696e207061746820656e64733b20796f752077696c6c20636f6d6520746f2074686520666f726b206c656164696e6720746f20476f6b796f2076616c6c6579207472656b2e204e6f7720796f752064657363656e6420706173742061206665772074656120686f7573657320616e64207468726f756768207468652076696c6c616765206f66205472617368696e67612e2054686f75676820796f752063616e6e6f74207365652069742c20796f752063616e2068656172207468652044756468204b6f736920616e6420736f6f6e20796f752064657363656e6420746f2074686520726976657220616e6420617272697665206174205068756e6b692054656e67612028332c323530206d292e2049742069732061206c6f6e6720636c696d6220746f20546879616e67626f6368653b207468652066697273742068616c6620697320657370656369616c6c792073746565702e20417320796f7520636c696d62207468726f7567682074686520666f726573746564207a6f6e652c2074686520696e636c696e6520656173657320616e6420612073706c656e646964207669657720617070656172732e20436f6e74696e756520636c696d62696e6720746865206d6f756e7461696e7369646520646961676f6e616c6c7920756e74696c20796f7520636f6d6520746f207468652073746f6e652067617465206275696c74206279206c616d61732c207768696368206d61726b7320796f757220656e74727920696e746f205479616e67626f6368652028332c383637206d292e20596f75206d61792075736520746865206c6172676520706c617465617520696e2066726f6e74206f66207468652073706c656e646964206d6f6e61737465727920617320796f75722063616d70736974652e2054686572652069732061206c6f64676520616e6420686f74656c206d616e6167656420627920746865204e6174696f6e616c205061726b20536572766963652e20546879616e67626f63686520697320616e20696d706f7274616e74206c6f6f6b6f757420706f696e74206f6e207468697320636f757273652c20616e64207468652073756e736574206f6e204576657265737420616e6420416d61204461626c616d20697320657370656369616c6c792062656175746966756c2e227d2c7b22646179223a2237222c227469746c65223a225472656b2054656e67626f63686520746f2044696e67626f6368652028342c343130206d5c2f352068727329222c2264657363223a22546f6461792c207765206c6561766520546879616e67626f63686520616e6420746865204b68756d6275206d6f756e7461696e732061732061206261636b64726f7020616e642064657363656e6420746f20612072686f646f64656e64726f6e20636f7665726564206172656120746f20656d6572676520696e206120706c656173616e74206c6576656c20617265612e205765207061737320616c6f6e67204d616e692073746f6e6577616c6c20746f20656e746572207468652076696c6c616765206f662044656e67626f6368652028332c373530206d292e2046726f6d2074686572652c20776520636f6e74696e7565206f6e20746f204d696e6c696e67676f20616e642063726f7373206f76657220612073757370656e73696f6e2062726964676520746f20746865206c6566742062616e6b206f662074686520496d6a61204b686f6c612e205765207468656e20636c696d6220746865206d6f756e7461696e2070617468207768696c65206c6f6f6b696e6720757020617420416d61204461626c616d20616e64204b616e746567612028362c373739206d29206173207468657920617070656172206f6e20746865206f70706f736974652062616e6b2e20417363656e6420746865204368686f7274656e2d6c696e656420726f7574652c20636f6d6520746f206120666f726b2c207468652075707065722070617468207061737365732050616e67626f63686520616e642061206d6f6e6173746572792c2074616b6520746865206c6f776572207061746820746f2050616e67626f636865204f6c696e20616e64206974732073746f6e652077616c6c2d656e636c6f73656420706f7461746f206669656c642e2050617373207468726f756768207468652076696c6c61676520616e642063726f737320612073747265616d20746f2061207061746820736b697274696e67206120726f636b79206172656120746f2074657272616365642068696c6c7320616c6f6e672074686520726976657262616e6b2e2054686520747261696c7320636c696d6220736c6f776c792c2077696e64696e672061626f76652074686520496d6a617473652052697665722c20746f206120626967204d616e692053747570612e2046726f6d20686572652c207468652077616c6b20697320666169726c79206d6f64657261746520617320796f7520656e7465722074686520496d6a617473652076616c6c65792062656e6561746820746865206d6967687479207065616b73206f6620416d61204461626c616d2c204e757074736520616e64204c686f7473652077697468207669657773206f6620746865206561737465726e20736e6f7720636170706564206d6f756e7461696e7320696e636c7564696e67207468652049736c616e64205065616b206f7220496d6a617473652028362c313839206d292044696e67626f63686520697320612062656175746966756c207061746368776f726b206f66206669656c647320656e636c6f7365642062792073746f6e652077616c6c732070726f74656374696e67207468652063726f7073206f66206261726c65792c206275636b776865617420616e6420706f7461746f65732066726f6d2074686520636f6c642077696e647320616e64206772617a696e6720616e696d616c732e227d2c7b22646179223a2238222c227469746c65223a224163636c696d6174697a6174696f6e206461792061742044696e67626f6368652028342c343130206d29222c2264657363223a2254686572652061726520736f6d652062726561746874616b696e67207669657773206f6620746865204e6f7274682046616365206f6620416d61204461626c616d20616e6420746865204c686f7473652d4e757074736520726964676520617320796f75206578706c6f726520746869732062656175746966756c2076616c6c65792074686174206c6561647320757020746f2049736c616e64205065616b2e205468652077616c6b2069732073686f72742077697468206120676f6f64206368616e636520746f2072656c617820696e207468652061667465726e6f6f6e2e20596f75206861766520616e6f74686572206f7074696f6e20617320796f752063616e2068696b6520757020746f20436868756b756d205c2f20436868756b756e672028342c373330206d292c206120332068727320726f756e6420747269702e2046726f6d20686572652c20796f752063616e20656e6a6f79207468652070616e6f72616d69632076696577206f662049736c616e64205065616b2c20416d61204461626c616d2c204d616b616c752c205461776f636865207065616b20616e64206f74686572732e204f6e207468652073616d652064617920796f7520636f6d65206261636b20746f2044696e67626f63686520746f207265737420666f7220746865206576656e696e672e227d2c7b22646179223a2239222c227469746c65223a224e696e7468222c2264657363223a224e696e746873227d2c7b22646179223a223130222c227469746c65223a2254656e7468222c2264657363223a2254656e7468227d2c7b22646179223a223131222c227469746c65223a22456c6576656e7468222c2264657363223a22456c6576656e7473227d5d, 0x5b5d, 3, 2, 2, 'everest-base-camp-trek', 1, 0),
(6, '2019-02-02 08:17:12', '2019-03-09 02:31:41', 'Annapurna Base Camp', '<p>Annapurna</p>', 'Desc', 2, 2, '<p>a</p>', '<p>A</p>', 2, NULL, '652869026_1549116132.jpg', 0x5b7b22646179223a2231222c227469746c65223a2248656c6c6f222c2264657363223a2248656c6c6f227d2c7b22646179223a2232222c227469746c65223a2242796520427965222c2264657363223a22476f6f6420427965227d5d, 0x5b7b226465706172747572655f646179223a2230335c2f33305c2f32303139227d5d, 2, 4, 2, 'annapurna-base-camp', 1, 0),
(7, '2019-02-02 08:22:57', '2019-02-11 05:43:58', 'Annapurna Circuit Trek', '<p>D</p>', 'Desc', 2, 2, '<p>A</p>', '<p>H</p>', 1, NULL, '2047620740_1549116477.jpg', 0x5b5d, 0x5b5d, 2, 3, 2, 'annapurna-circuit-trek', 1, 0),
(8, '2019-02-02 08:45:36', '2019-02-11 00:09:55', 'Three High Pass', '<p>D</p>', 'Desc', 1, 2, '<p>A</p>', '<p>H</p>', 1, NULL, '2141883309_1549117836.jpg', 0x5b5d, 0x5b5d, 2, 3, 2, 'three-high-pass', 1, 0),
(9, '2019-02-11 22:14:19', '2019-02-11 22:14:19', 'Test Package 1', '<p>asda</p>', 'Desc', 2, 2, '<p>a</p>', '<p>a</p>', 1, NULL, '569110146_1549943959.jpg', 0x5b5d, 0x5b5d, 2, 2, 1, 'test-package-1', 0, 0),
(10, '2019-02-11 22:16:23', '2019-02-11 22:16:23', 'Test Package 2', '<p>asd</p>', 'Desc', 1, 2, '<p>a</p>', '<p>aa</p>', 1, NULL, '1197349461_1549944083.jpg', 0x5b5d, 0x5b5d, 2, 4, 1, 'test-package-2', 0, 0),
(11, '2019-02-11 22:17:23', '2019-03-19 06:31:54', 'Test Package 3', '<p>asd</p>', 'Desc', 1, 2, '<p>sd</p>', '<p><strong>asd</strong></p>', 0, NULL, '859503894_1549944143.jpg', 0x5b5d, 0x5b7b226465706172747572655f646179223a2230335c2f31315c2f32303139227d2c7b226465706172747572655f646179223a2230335c2f31335c2f32303139227d5d, 2, 4, 2, 'test-package-3', 0, 0);

-- --------------------------------------------------------

--
-- Table structure for table `package_image`
--

CREATE TABLE `package_image` (
  `id` int(10) UNSIGNED NOT NULL,
  `package_id` int(10) UNSIGNED NOT NULL,
  `created_at` timestamp NULL DEFAULT NULL,
  `updated_at` timestamp NULL DEFAULT NULL
) ENGINE=InnoDB DEFAULT CHARSET=utf8mb4 COLLATE=utf8mb4_unicode_ci;

-- --------------------------------------------------------

--
-- Table structure for table `password_resets`
--

CREATE TABLE `password_resets` (
  `email` varchar(191) COLLATE utf8mb4_unicode_ci NOT NULL,
  `token` varchar(191) COLLATE utf8mb4_unicode_ci NOT NULL,
  `created_at` timestamp NULL DEFAULT NULL
) ENGINE=InnoDB DEFAULT CHARSET=utf8mb4 COLLATE=utf8mb4_unicode_ci;

-- --------------------------------------------------------

--
-- Table structure for table `region`
--

CREATE TABLE `region` (
  `id` int(10) UNSIGNED NOT NULL,
  `country_id` int(10) UNSIGNED NOT NULL,
  `name` varchar(191) COLLATE utf8mb4_unicode_ci NOT NULL,
  `created_at` timestamp NULL DEFAULT NULL,
  `updated_at` timestamp NULL DEFAULT NULL,
  `slug` varchar(191) COLLATE utf8mb4_unicode_ci NOT NULL,
  `status` varchar(191) COLLATE utf8mb4_unicode_ci NOT NULL,
  `latitude` decimal(8,2) NOT NULL,
  `longitude` decimal(8,2) NOT NULL
) ENGINE=InnoDB DEFAULT CHARSET=utf8mb4 COLLATE=utf8mb4_unicode_ci;

--
-- Dumping data for table `region`
--

INSERT INTO `region` (`id`, `country_id`, `name`, `created_at`, `updated_at`, `slug`, `status`, `latitude`, `longitude`) VALUES
(2, 2, 'Everest Region', '2018-10-16 09:52:38', '2018-10-16 09:52:38', 'everest-region', 'published', '0.00', '0.00'),
(3, 2, 'Annapurna Region', '2018-12-13 00:07:25', '2018-12-13 00:07:25', 'annapurna-region', 'published', '22.33', '33.23'),
(4, 2, 'Dhaulagiri Region', '2019-02-11 22:12:05', '2019-02-11 22:12:12', 'dhaulagiri-region', 'published', '22.12', '123.20'),
(5, 2, 'Upper Mustang', '2019-02-11 22:12:25', '2019-02-11 22:12:25', 'upper-mustang', 'published', '22.14', '22.14'),
(6, 2, 'Lower Mustang', '2019-02-11 22:12:40', '2019-02-11 22:12:40', 'lower-mustang', 'published', '221.20', '22.20');

-- --------------------------------------------------------

--
-- Table structure for table `settings`
--

CREATE TABLE `settings` (
  `id` int(11) NOT NULL,
  `logo` varchar(191) COLLATE utf8mb4_unicode_ci DEFAULT NULL,
  `altlogo` varchar(191) COLLATE utf8mb4_unicode_ci DEFAULT NULL,
  `sitename` varchar(191) COLLATE utf8mb4_unicode_ci DEFAULT NULL,
  `address` varchar(191) COLLATE utf8mb4_unicode_ci DEFAULT NULL,
  `phonenumber` varchar(191) COLLATE utf8mb4_unicode_ci DEFAULT NULL,
  `landline` varchar(191) COLLATE utf8mb4_unicode_ci DEFAULT NULL,
  `facebook` varchar(191) COLLATE utf8mb4_unicode_ci DEFAULT NULL,
  `twitter` varchar(191) COLLATE utf8mb4_unicode_ci DEFAULT NULL,
  `instagram` varchar(191) COLLATE utf8mb4_unicode_ci DEFAULT NULL,
  `youtube` varchar(191) COLLATE utf8mb4_unicode_ci DEFAULT NULL,
  `videowebm` varchar(191) COLLATE utf8mb4_unicode_ci DEFAULT NULL,
  `videomp` varchar(191) COLLATE utf8mb4_unicode_ci DEFAULT NULL,
  `videoogg` varchar(191) COLLATE utf8mb4_unicode_ci DEFAULT NULL,
  `created_at` timestamp NULL DEFAULT NULL,
  `updated_at` timestamp NULL DEFAULT NULL
) ENGINE=InnoDB DEFAULT CHARSET=utf8mb4 COLLATE=utf8mb4_unicode_ci;

--
-- Dumping data for table `settings`
--

INSERT INTO `settings` (`id`, `logo`, `altlogo`, `sitename`, `address`, `phonenumber`, `landline`, `facebook`, `twitter`, `instagram`, `youtube`, `videowebm`, `videomp`, `videoogg`, `created_at`, `updated_at`) VALUES
(1, '255806135_1548992998.png', '2053093877_1548992998.png', 'High Country Trekking', 'Krishna Mandir, Imadol', '9803676858', '014481813', 'highcountrytrekandexped', NULL, 'highcountrytrekking', NULL, '1804535701_1548487594.webm', '232367528_1548487594.mp4', NULL, NULL, '2019-02-01 23:53:54');

-- --------------------------------------------------------

--
-- Table structure for table `team`
--

CREATE TABLE `team` (
  `id` int(10) UNSIGNED NOT NULL,
  `name` varchar(191) COLLATE utf8mb4_unicode_ci NOT NULL,
  `telephone` varchar(191) COLLATE utf8mb4_unicode_ci NOT NULL,
  `mobile` varchar(191) COLLATE utf8mb4_unicode_ci NOT NULL,
  `email` varchar(191) COLLATE utf8mb4_unicode_ci NOT NULL,
  `created_at` timestamp NULL DEFAULT NULL,
  `updated_at` timestamp NULL DEFAULT NULL
) ENGINE=InnoDB DEFAULT CHARSET=utf8mb4 COLLATE=utf8mb4_unicode_ci;

-- --------------------------------------------------------

--
-- Table structure for table `testimonial`
--

CREATE TABLE `testimonial` (
  `id` int(10) UNSIGNED NOT NULL,
  `givenby` varchar(191) COLLATE utf8mb4_unicode_ci NOT NULL,
  `testimony` varchar(191) COLLATE utf8mb4_unicode_ci NOT NULL,
  `coo` varchar(191) COLLATE utf8mb4_unicode_ci NOT NULL,
  `created_at` timestamp NULL DEFAULT NULL,
  `updated_at` timestamp NULL DEFAULT NULL
) ENGINE=InnoDB DEFAULT CHARSET=utf8mb4 COLLATE=utf8mb4_unicode_ci;

-- --------------------------------------------------------

--
-- Table structure for table `users`
--

CREATE TABLE `users` (
  `id` int(10) UNSIGNED NOT NULL,
  `name` varchar(191) COLLATE utf8mb4_unicode_ci NOT NULL,
  `email` varchar(191) COLLATE utf8mb4_unicode_ci NOT NULL,
  `email_verified_at` timestamp NULL DEFAULT NULL,
  `password` varchar(191) COLLATE utf8mb4_unicode_ci NOT NULL,
  `remember_token` varchar(100) COLLATE utf8mb4_unicode_ci DEFAULT NULL,
  `created_at` timestamp NULL DEFAULT NULL,
  `updated_at` timestamp NULL DEFAULT NULL
) ENGINE=InnoDB DEFAULT CHARSET=utf8mb4 COLLATE=utf8mb4_unicode_ci;

--
-- Dumping data for table `users`
--

INSERT INTO `users` (`id`, `name`, `email`, `email_verified_at`, `password`, `remember_token`, `created_at`, `updated_at`) VALUES
(1, 'Kamlesh Shrestha', 'eidia313@gmail.com', NULL, '$2y$10$ZrdkyBRsKNrLrsQ0ItFxWeHqSluT5NyaHhoaYlLqi8m.zO69eXqsW', 'WmrQr3iR4jt0cwHiJsKqnwUynHowWJbQVqnSM2yJdQI0LONhKKFbqAdNxiWp', NULL, NULL);

--
-- Indexes for dumped tables
--

--
-- Indexes for table `activity`
--
ALTER TABLE `activity`
  ADD PRIMARY KEY (`id`);

--
-- Indexes for table `checklist`
--
ALTER TABLE `checklist`
  ADD PRIMARY KEY (`id`);

--
-- Indexes for table `checklist_group`
--
ALTER TABLE `checklist_group`
  ADD PRIMARY KEY (`id`);

--
-- Indexes for table `city`
--
ALTER TABLE `city`
  ADD PRIMARY KEY (`id`),
  ADD KEY `city_country_id_foreign` (`country_id`);

--
-- Indexes for table `country`
--
ALTER TABLE `country`
  ADD PRIMARY KEY (`id`);

--
-- Indexes for table `difficulty`
--
ALTER TABLE `difficulty`
  ADD PRIMARY KEY (`id`);

--
-- Indexes for table `migrations`
--
ALTER TABLE `migrations`
  ADD PRIMARY KEY (`id`);

--
-- Indexes for table `package`
--
ALTER TABLE `package`
  ADD PRIMARY KEY (`id`),
  ADD KEY `package_travel_specialist_foreign` (`travel_specialist`),
  ADD KEY `package_country_id_foreign` (`country_id`),
  ADD KEY `package_region_id_foreign` (`region_id`),
  ADD KEY `package_activity_id_foreign` (`activity_id`),
  ADD KEY `package_difficulty_id_foreign` (`difficulty_id`);

--
-- Indexes for table `package_image`
--
ALTER TABLE `package_image`
  ADD PRIMARY KEY (`id`),
  ADD KEY `package_image_package_id_foreign` (`package_id`);

--
-- Indexes for table `password_resets`
--
ALTER TABLE `password_resets`
  ADD KEY `password_resets_email_index` (`email`);

--
-- Indexes for table `region`
--
ALTER TABLE `region`
  ADD PRIMARY KEY (`id`),
  ADD KEY `region_country_id_foreign` (`country_id`);

--
-- Indexes for table `settings`
--
ALTER TABLE `settings`
  ADD PRIMARY KEY (`id`);

--
-- Indexes for table `team`
--
ALTER TABLE `team`
  ADD PRIMARY KEY (`id`);

--
-- Indexes for table `testimonial`
--
ALTER TABLE `testimonial`
  ADD PRIMARY KEY (`id`);

--
-- Indexes for table `users`
--
ALTER TABLE `users`
  ADD PRIMARY KEY (`id`),
  ADD UNIQUE KEY `users_email_unique` (`email`);

--
-- AUTO_INCREMENT for dumped tables
--

--
-- AUTO_INCREMENT for table `activity`
--
ALTER TABLE `activity`
  MODIFY `id` int(10) UNSIGNED NOT NULL AUTO_INCREMENT, AUTO_INCREMENT=8;

--
-- AUTO_INCREMENT for table `checklist`
--
ALTER TABLE `checklist`
  MODIFY `id` int(10) UNSIGNED NOT NULL AUTO_INCREMENT, AUTO_INCREMENT=3;

--
-- AUTO_INCREMENT for table `checklist_group`
--
ALTER TABLE `checklist_group`
  MODIFY `id` int(10) UNSIGNED NOT NULL AUTO_INCREMENT;

--
-- AUTO_INCREMENT for table `city`
--
ALTER TABLE `city`
  MODIFY `id` int(10) UNSIGNED NOT NULL AUTO_INCREMENT, AUTO_INCREMENT=4;

--
-- AUTO_INCREMENT for table `country`
--
ALTER TABLE `country`
  MODIFY `id` int(10) UNSIGNED NOT NULL AUTO_INCREMENT, AUTO_INCREMENT=5;

--
-- AUTO_INCREMENT for table `difficulty`
--
ALTER TABLE `difficulty`
  MODIFY `id` int(10) UNSIGNED NOT NULL AUTO_INCREMENT, AUTO_INCREMENT=3;

--
-- AUTO_INCREMENT for table `migrations`
--
ALTER TABLE `migrations`
  MODIFY `id` int(10) UNSIGNED NOT NULL AUTO_INCREMENT, AUTO_INCREMENT=37;

--
-- AUTO_INCREMENT for table `package`
--
ALTER TABLE `package`
  MODIFY `id` int(10) UNSIGNED NOT NULL AUTO_INCREMENT, AUTO_INCREMENT=12;

--
-- AUTO_INCREMENT for table `package_image`
--
ALTER TABLE `package_image`
  MODIFY `id` int(10) UNSIGNED NOT NULL AUTO_INCREMENT;

--
-- AUTO_INCREMENT for table `region`
--
ALTER TABLE `region`
  MODIFY `id` int(10) UNSIGNED NOT NULL AUTO_INCREMENT, AUTO_INCREMENT=7;

--
-- AUTO_INCREMENT for table `team`
--
ALTER TABLE `team`
  MODIFY `id` int(10) UNSIGNED NOT NULL AUTO_INCREMENT;

--
-- AUTO_INCREMENT for table `testimonial`
--
ALTER TABLE `testimonial`
  MODIFY `id` int(10) UNSIGNED NOT NULL AUTO_INCREMENT;

--
-- AUTO_INCREMENT for table `users`
--
ALTER TABLE `users`
  MODIFY `id` int(10) UNSIGNED NOT NULL AUTO_INCREMENT, AUTO_INCREMENT=2;

--
-- Constraints for dumped tables
--

--
-- Constraints for table `city`
--
ALTER TABLE `city`
  ADD CONSTRAINT `city_country_id_foreign` FOREIGN KEY (`country_id`) REFERENCES `country` (`id`);

--
-- Constraints for table `package`
--
ALTER TABLE `package`
  ADD CONSTRAINT `package_activity_id_foreign` FOREIGN KEY (`activity_id`) REFERENCES `activity` (`id`),
  ADD CONSTRAINT `package_country_id_foreign` FOREIGN KEY (`country_id`) REFERENCES `country` (`id`),
  ADD CONSTRAINT `package_difficulty_id_foreign` FOREIGN KEY (`difficulty_id`) REFERENCES `difficulty` (`id`),
  ADD CONSTRAINT `package_region_id_foreign` FOREIGN KEY (`region_id`) REFERENCES `region` (`id`),
  ADD CONSTRAINT `package_travel_specialist_foreign` FOREIGN KEY (`travel_specialist`) REFERENCES `team` (`id`);

--
-- Constraints for table `package_image`
--
ALTER TABLE `package_image`
  ADD CONSTRAINT `package_image_package_id_foreign` FOREIGN KEY (`package_id`) REFERENCES `package` (`id`);

--
-- Constraints for table `region`
--
ALTER TABLE `region`
  ADD CONSTRAINT `region_country_id_foreign` FOREIGN KEY (`country_id`) REFERENCES `country` (`id`);
COMMIT;

/*!40101 SET CHARACTER_SET_CLIENT=@OLD_CHARACTER_SET_CLIENT */;
/*!40101 SET CHARACTER_SET_RESULTS=@OLD_CHARACTER_SET_RESULTS */;
/*!40101 SET COLLATION_CONNECTION=@OLD_COLLATION_CONNECTION */;
